﻿<?xml version = "1.0" encoding = "utf-8"?>
<!DOCTYPE food [
<!ENTITY market_address "서울 송파구 양재동">
<!ENTITY info_address "매장 1층 에스컬레이터 오른편">
]>
<food>
	<snack name = "감자깡" price = "1000" count = "10" sample ="true"> orion
	</snack>
	
	<beverage name ="초코우유" price ="500" count = "150" sample ="false"> 초코에몽
	</beverage>
	
	<fruit name = "사과" price = "5000" count = "100" sample ="true"> 4개
	</fruit>
	
	<vegetable name = "쪽파" price = "900" count = "30" sample ="false"> 100g	
	</vegetable>
	
	<fishery name = "활어" price = "9900" count = "40" sample ="true"> 산지직송
	</fishery>
	
	<meat>
		<pork name = "삽겹살" price = "14000" count = "60" sample ="true"> 500g
		</pork>
		<beef name = "등심" price = "13500" count = "80" sample ="true"> 200g
		</beef>
	</meat>
	
	<address>&market_address;</address>
	
	<infodesk>&info_address;</infodesk>
</food>
